room_type,n_blocks,n_subjects,mean_minutes,median_minutes,sd_minutes,mean_uncertainty,median_uncertainty,mean_co2
shared,138,6,37.626426708338876,0.0,55.12694361377316,63.285982064129215,23.58742898789967,1251.3837254854432
single,397,18,68.89043213936237,15.650491559277807,82.81126545591343,83.42647125023498,75.9240692213815,1637.477847454481
