group,n,coverage80,mean_ci_width,MAE,bias
continuous,115,0.782608695652174,103.25260869565217,34.45408695652174,-29.15113043478261
fragmented,48,0.9166666666666666,143.523125,53.846666666666664,-47.70083333333333
stress,120,0.8,146.97308333333334,45.922333333333334,-8.582500000000001
overall,283,0.8127208480565371,128.6216607773852,42.606148409894,-23.575689045936393
