group,n,coverage80,mean_ci_width,MAE,bias
continuous,125,0.696,79.91224000000001,44.48912,-43.81184
fragmented,52,0.7692307692307693,106.53826923076923,54.902307692307694,-54.902307692307694
stress,130,0.6923076923076923,110.57430769230768,44.60938461538462,-26.580461538461538
overall,307,0.7068403908794788,97.40612377850164,46.30384364820847,-38.39368078175896
