variant_id,variant,C1_in_mean_label0_min,C2_in_pct_under_5min,C1_OOS_mean_label0_min,C2_OOS_pct_under_5min,label1_mean_minutes,label1_median_minutes,label1_nonzero_pct,n_oos_empty_blocks,pass_C1_OOS_lt20,pass_C2_OOS_gt50
A0,"Raw excess + global floor (no carryover, no gate)",18.334781944711754,78.53107344632768,51.18523876424412,57.89473684210527,87.76720234209411,58.18097772265074,61.92307692307693,57,NO,YES
A1,+ Carryover correction,12.275039657023909,83.61581920903954,27.32726589157366,66.66666666666666,57.984106616881384,31.417580217140838,60.76923076923077,57,NO,YES
A2,+ Innovation gate/cap,10.934508546922247,85.31073446327684,21.81011898749349,71.9298245614035,36.85101379369926,15.476867150406715,51.53846153846153,57,NO,YES
A3,+ Two-regime floor (final),11.076779279984029,80.7909604519774,17.034140291697494,80.7017543859649,37.64164788469854,1.483013749525508,50.38461538461539,57,YES,YES
