group,n,coverage80,mean_ci_width,MAE,bias
continuous,125,0.632,68.24552,44.48912,-43.81184
fragmented,52,0.6730769230769231,91.38326923076923,54.902307692307694,-54.902307692307694
stress,130,0.6076923076923076,91.66300000000001,44.60938461538462,-26.580461538461538
overall,307,0.6286644951140065,82.08081433224756,46.30384364820847,-38.39368078175896
