group,n,coverage80,coverage80_conf,mean_ci_width,mean_ci_width_conf,MAE,bias
continuous,125,0.608,0.8085106382978723,82.65576,114.48672,49.86968,-49.70168
fragmented,52,0.5769230769230769,0.8928571428571429,107.56211538461538,140.77038461538461,59.20615384615384,-59.20615384615384
stress,130,0.6846153846153846,0.875,111.02523076923077,147.21107692307692,48.86284615384616,-36.73223076923077
overall,307,0.6351791530944625,0.8536585365853658,98.88755700325734,132.7958957654723,51.02475570032574,-45.81960912052117
