group,n,coverage80,mean_ci_width,MAE,bias
continuous,125,0.568,57.344319999999996,44.48912,-43.81184
fragmented,52,0.5192307692307693,83.41230769230768,54.902307692307694,-54.902307692307694
stress,130,0.5307692307692308,75.41061538461538,45.26984615384615,-27.644615384615385
overall,307,0.5439739413680782,69.4099674267101,46.58351791530945,-38.844299674267106
