group,n,coverage80,coverage80_conf,mean_ci_width,mean_ci_width_conf,MAE,bias
continuous,115,0.8260869565217391,0.8125,107.47739130434782,107.47730434782608,34.18530434782608,-28.539043478260872
fragmented,48,0.9583333333333334,0.9583333333333334,153.07020833333334,153.070625,49.888958333333335,-43.283125000000005
stress,120,0.8166666666666667,0.8571428571428571,150.63066666666666,150.63074999999998,42.466750000000005,-7.95425
overall,283,0.8445229681978799,0.8596491228070176,133.50865724381623,133.50872791519436,40.36038869257951,-22.311272084805655
