group,n,coverage80,mean_ci_width,MAE,bias
continuous,53,0.6037735849056604,73.76245283018868,42.823018867924524,-22.780754716981136
fragmented,22,0.7272727272727273,89.69545454545454,55.623636363636365,-31.904545454545453
stress,55,0.6181818181818182,109.47272727272727,60.73436363636363,-8.905272727272727
overall,130,0.6307692307692307,91.56700000000001,52.56715384615384,-18.454384615384615
