method,V1_mean_label0_min,V2_pct_under_5min,mean_label1_min,median_label1_min,n_label0,n_label1
block_excess,12.678414134984497,77.96610169491525,43.95012389047553,23.700909290881448,177,260
fused_lasso,49.87778514855862,5.084745762711865,85.63296622649862,74.72889315080556,177,260
threshold_50,189.83050847457628,6.214689265536723,228.41923076923078,240.0,177,260
threshold_100,175.10169491525423,15.254237288135593,224.06153846153848,240.0,177,260
threshold_200,154.87570621468927,22.598870056497177,211.68076923076924,240.0,177,260
slope,62.429378531073446,2.2598870056497176,73.27692307692308,73.5,177,260
